"lat","lng","name","url","descr","access","waves","wind","positives","negatives","level","bottom"
"44.7153","-1.25142","Le Truc Vert","/surf-info/le-truc-vert-s45.html","La presqu'île du Cap-Ferret, coincée entre le Bassin d'Arcachon et l'Océan, est certes peu accessible mais séduit par cette particularité géographique qui se traduit aussi par des bancs de sable très instables. Crapahutez dans les dunes (sur les chemins autorisés) et checkez sans relâche ; vous tomberez peut-être sur un de ces spots fugaces que vous seuls aurez la chance d'avoir dans des conditions classiques.","Depuis Lège Cap-Ferret, prendre la D106 vers le sud et direction Truc Vert bien indiqué mais il y a plusieurs accés en caillebottis de part et d'autre du camping. Beaucoup d'espace au nord et au sud.","E","NO","- les bancs","- forts courants, - manque de consistance en été","Tous niveaux","Sand"
"43.4959","-1.54534","VVF, Anglet","/surf-info/vvf-anglet-s1209.html","Grâce à son accès facile et son abri par vent du sud, ce spot présente une excellente alternative dans la région. Le surf y est pratiqué en masse du fait de la protection de la falaise contre le vent de sud. Cette dernière sert également de brise-lames naturel, les vagues y étant souvent plus petites que sur le nord d'Anglet. Le spot fonctionne mieux à marée basse, et fournit des droites comme des gauches. En remontant vers le Nord d'Anglet, on trouve d'autres pics intéressants mais qui fonctionnent très peu à marée haute (trop de volume d'eau).Attention à la dalle non loin de la première digue, à droite, on ne l'aperçoit que à marée basse.   ","Par le ""BAB"" (Bayonne / Anglet / Biarritz), prendre la direction de Biarritz puis d'Anglet Océan. Suivre ensuite Chambre d'Amour, vous arriverez ainsi sur les parkings bordant l'océan.A proximité se trouve l'aéroport du B.A.B et les gares de Biarritz et Bayonne. ","E","ONO","- Accès facile, - La digue permet une bonne rentrée de la houle, - De nombreux parkings, des snacks et des douches sont présents sur le site","- Fréquentation importante de par sa facilité d'accès et également par le peu de distance qui sépare ce spot des villes de Bayonne et Biarritz, - Baïne présente au pied de la falaise, - Dalle dans l'eau sur le côté droit de la plage  ","Expérimenté","Sand"
"47.7603","-3.52493","Plage De La Falaise, Guidel","/surf-info/plage-falaise-guidel-s1025.html","Très bon spot en général cependant il marche moins bien que ses voisins comme La Torche et Quiberon en raison de son ""enclavement"". Les vagues peuvent être propres et creuses suivant les conditions de vent et les bancs de sables. Elles sont la plupart du temps de petite taille et moyennement puissante. La saison de septembre / octobre offre les plus belles conditions comme sur les autres spots Français en raison des houles dites ""cycloniques"" qui arrivent tout droit de l'Atlantique Ouest et des caraïbes.","L'accès par la route côtière est rapide depuis Lorient mais à éviter en été. Sinon, par la voie express puis Guidel et suivre Guidel Plage.Aussi : - Aéroport de Lann Bihoué pas très loin - En train, gare de Lorient, puis bus","NE","SSO","- Accès facile- Tous commerces à proximité- Diversité des spots- Spot pour tous niveaux- Nombreux campings","- Affluence- Les bouchons pour accéder en été- Fréquence des vagues","Tous niveaux","Sand / Reef"
"49.6833","0.162649","Antifer","/surf-info/antifer-s994.html","Le spot se situe sur la plage de Saint-Jouin Bruneval, à proximité du terminal pétrolier d?Antifer. Comme la plupart des spots de Haute-Normandie, c?est une plage de galets à marée haute et de sable à marée basse. Méfiez-vous de la digue du port, qui lorsque le vent baisse, peut créer un courant très important. Antifer est un bon spot par vent de Sud-Ouest.","La gare du Havre est à proximité pour les visiteurs qui ne sont pas du coin !","ESE","O","- La seule plage de sable à marée basse dans le secteur, - Parking gratuit","- La digue du port, soyez vigilent, - Le port pétrolier tout près","Débutant / Intermédiaire","Sand"
"47.9975","-4.54155","La Gamelle, Audierne","/surf-info/la-gamelle-audierne-s1154.html","Très bon spot de repli qui marche par forte houle. On y trouve une droite creuse et courte et une gauche rapide et longue qui déroule. Attention à marée basse, la gauche flirte avec le reef et rend parfois la vague impraticable.","- Aéroport de Quimper à proximité","NNO","OSO","- Spot de repli, - Marche assez souvent, - Spot dans la ville, accès facile","- Le reef","Expérimenté","Reef"
"48.0468","-4.70965","Baie Des Trépassés","/surf-info/baie-trepasses-s996.html","Un bon beachbreak au bout de la Pointe du Raz avec un nom à faire frémir les plus endurcis. En tous cas, c'est le spot le plus froid du Finistère. Au large circulent des courants extrêment forts mais le fond de baie est généralement calme. 800m de large, pas besoin de jouer des coudes !","La baie des Trépassés est enserrée entre la pointe du Raz et la Pointe du Van, et se trouve sur les communes de Plogoff et de Cléden-Cap-Sizun (territoire du Cap Sizun). De Plogoff, suivre la D 784 en direction de Lescoff. Puis suivre La Baie des Trépassés, c'est indiqué.","ESE","ONO","- Spot qui marche assez souvent, - Pas grand monde à l'eau en hiver","- Courants, - Baïne, - Attention aux débutants","Tous niveaux","Sand"
"47.2658","-2.4549","La Govelle","/surf-info/la-govelle-s1036.html","La Govelle est un spot de surf situé dans le 44, à Batz sur mer. A quelques minutes de La Baule, ce spot de surf est l?un des plus connu de la Loire Atlantique.","Direction Batz-sur-mer puis côte sauvage en descendant vers La Baule, au niveau du panneau ""camping de La Govelle"" , c'est la petite plage juste à côté.","NE","SO","- Capte bien la houle","- Attire beaucoup de monde, - Gros reef sur le peak sud","Intermédiaire","Reef"
"46.1874","-1.42154","La Couarde","/surf-info/la-couarde-s1034.html","La plage de La Pergola à La Couarde sur Mer est réputée pour son spot de surf. Elle est située à l'extrémité sud de la Couarde à côté de la guinguette qui porte le même nom. Le haut fond rocheux y façonne des vagues très cassantes.","Direction La pergola une fois arrivé à la Couarde","ENE","S","- Rouleaux bien creux","- Attention à la digue","Tous niveaux","Sand"
"43.4021","-1.71259","Belharra","/surf-info/belharra-s997.html","Belharra ne déferle que rarement et surtout ne se surfe pas à l'improviste. Ce spot est inaccessible à la rame et nécessite une excellente condition physique pour être ridé. Même un niveau confirmé est loin d'être suffisant pour envisager une sortie sur Belharra. Seuls des professionnels, encadrés d'une équipe de sécurité compétente et entrainée peuvent, après un travail d'observation des conditions météo locales, envisager de se rendre sur Belharra. Du surf de gros, pour des pro... Cependant, ça reste sympa de regarder le spectacle du haut de la falaise de la Corniche Basque !","Suivre Saint-Jean-de-Luz puis Socoa, au sud-ouest de la baie de Saint-Jean-de-Luz. L'accès au spot se fait en bateau ou jet ski.","E","O","- Vague énorme !, - Peu de monde et ça se comprend...","- Courant, - Récif, - Puissance, - Absence de secours à proximité","Pro","Reef"
"43.4654","-1.57382","La Milady, Biarritz","/surf-info/la-milady-biarritz-s1211.html","La grande plage est la plage de référence pour tous les surfeurs biarrots adeptes de vagues puissantes et courtes. Il faut un minimum de houle pour réveiller ces bancs de sable, que ce soit la Gauche du Channing (rocher) ou la droite du milieu (plus ou moins alignée à la Roche Plate au large). On peut aussi surfer devant l'Hôtel du Palais. En cas de tempête, le spot reste surfable notamment à mi-marée. Un peu plus au sud se trouve le spot de la Côte des Basques.  ","Parking souterrain payant du casino à 1 minute de la plage.  ","E","O","- Le plan d?eau reste propre par Sud, Sud Ouest,  ","- Petite plage et la zone de surf est réduite l?été, - Quelques rochers , - Accès à sens unique et parking payant seulement à proximité , - Très touristique en période estivale","Tous niveaux","Sand"
"43.431","-1.59942","Uhabia, Bidart","/surf-info/uhabia-bidart-s1215.html","Souvent de bons pics en droites comme en gauches au nord. Des vagues qui déroulent sur du sable et des rochers pouvant offrir de bons rides. On trouve aussi une bonne droite creuse plus près du bord plus au sud. Cette vague tendue offre de bonnes sections barrel. Attention au reef qui se découvre à marée basse. Lorsque les conditions favorisent le spot, vous ne serez pas le seul à l'eau...","Depuis Biarritz, passez la plage de la Milady, puis suivez l?avenue de Biarritz jusqu?à Bidart, vous arriverez devant la plage de Bidart. Par l?autoroute A63, prenez la sortie 4 Biarritz la Négresse/Biarritz aéroport/Bidart.","E","NO","- Vagues creuses, - Fonctionne le mieux sur le remontant ","- Courants forts, - Baïne, - Surpeuplé en été, - Dalles rocheuses, reef","Tous niveaux","Sand"
"44.447","-1.26012","Biscarrosse","/surf-info/biscarrosse-s1000.html","Biscarrosse plage est un spot typiquement landais, puissant et tubulaire par vent de terre, c'est un vrai spot de bancs de sable. Le cadre est très sympathique dès que l'on s'éloigne du centre avec des forêts de pins à perte de vue. Le spot est quand même à appréhender avec précaution. De forts courants et des baïnes puissantes sont à surveiller ainsi que des vagues également puissantes pouvant surprendre les débutants et intermédiaires (même les plus expérimentés...). ","Depuis Bordeaux, prendre l'A63 puis l'A660 en direction du bassin d'Arcachon. Prendre la N250 et enfin la D259 qui longe la côte vers Biscarrosse (via Sanguinet). Biscarrosse plage est ensuite indiqué.","E","ONO","- Bon bancs de sable, - Vagues tubulaires, - Vagues relativement puissantes","- Forts courants , - Baïnes importantes, - Grande fréquentation en saison (station balnéaire) ","Intermédiaire","Sand"
"43.5227","-1.52505","Les Cavaliers, Anglet","/surf-info/les-cavaliers-anglet-s1204.html","","","","","","","",""
"48.3595","-4.48351","Brest","/surf-info/brest-s1002.html","Le petit Minou est le spot relativement consistant le plus proche de Brest. Minou, ""embouchure"" en breton, est une plage de sable et rochers située sur la commune de Plouzané dans le Finistère. Prise en tenaille entre la pointe du Grand Minou à l'ouest et du Petit Minou à l'est, elle marque l'entrée du goulet de Brest et donne sur la presqu'île de Crozon au sud. Ce spot est très prisé des surfeurs et bodyboardeurs pour ses vagues creuses et puissantes.","Suivre la D789 puis prendre la route du Minou, vous trouverez un petit parking devant le spot.","NNE","OSO","- Vagues creuses et puissantes","- Spot très fréquenté, attention aux priorités, - rochers","Tous niveaux","Sand"
"46.6247","-1.87773","Brétignolles","/surf-info/bretignolles-s1003.html","La Sauzaie est « Le » spot référence de la région. Ce spot de « reef » offre de jolis « peaks » surfables uniquement à mi-marée et à marée haute. A la Sauzaie, les vagues rivalisent largement avec les vagues landaises et basques. Régulièrement entre 1 et 2 mètres de haut, elles permettent aux surfeurs d'enchaîner les figures à moins de 20 mètres de la côte.Reporteurs Surf-Report : Keep Cool Surfing","Corniche entre Bretignolles et St Gille Croix de Vie, lieu-dit La Sauzaie","ENE","O","- L'un des rares spots de reef en France !","- La difficulté, - du monde, - Reef","Expérimenté","Reef"
"43.0878","5.80695","Brutal Beach, Six Fours","/surf-info/brutal-beach-six-fours-s1004.html","La plage de Bonnegrâce à Six-Fours-les-Plages, aussi appelée ''Brutal Beach'', accueille pas mal de houles différentes sur un cordon de plages de près d'un kilomètre séparées par des jetées. Les meilleures vagues déroulent vers la digue de l'Est, à côté du nouveau petit port. C'est un peu dans tous les sens quand le mistral souffle fort, mais ça devient bon dès qu'il se calme. ","A 13 km du centre de Toulon, dans le centre de Six-Fours prenez l'avenue de la Mer ou passez par Sanary-sur-Mer, non loin de Bandol. Ou sortie « La Seyne » sur l'Autoroute. Se garer le long de l'avenue de Gaulle devant la mer.","ONO","OSO","- Vague facile","- Beaucoup de windsurfeurs, - Projet de digue ?","Tous niveaux","Sand"
"46.3917","-1.49843","Bud Bud","/surf-info/bud-bud-s1005.html","Bud Bud est peut-être le plus beau spot du département, probablement parce qu?on y trouve des vagues qui peuvent tuber comme un bon beach break Landais. On s?y croirait : une immense forêt de pins maritimes, des dunes de sable et une plage rectiligne à perte de vue.","A 5km de Longeville au sud, à l'entrée du village des Conches.","ENE","NO","- Très bon beach break, - La bonne ambiance sur le spot","- Le monde en été , - Baigneurs","Tous niveaux","Sand"
"42.6978","3.03944","Canet En Roussillon","/surf-info/canet-roussillon-s1006.html","Les environs de Perpignan recèlent de spots sympas et depuis quelques années, on s'aperçoit du petit potentiel de cette région du Roussillon, la dernière région méditerranéenne à être identifiée. Ce spot ne fonctionne seulement que quelques jours par an car il ne fonctionne que par vent d?est.","A Perpignan, direction Canet en Roussillon puis tout droit jusqu'au port, le spot se trouve au sud du port, au niveau de la digue.","O","E","- Adapté au longboard, - Bonnes vagues quand ca marche","- Rareté, - Du monde quand ca marche","Tous niveaux","Sand"
"43.5469","7.00756","Cannes","/surf-info/cannes-s1007.html","La baie de Cannes peut donner des vagues courtes mais creuses, surtout des gauches, près des jetées. Pour y surfer il faut tout d'abord se faire accepter des locaux, la digue ne propose que deux vagues (à droite et à gauche du point de mise à l'eau) ce qui crée un sacré embouteillage au peak. ","Sortir de l'A8 à Cannes Ouest et prendre la direction du bord de mer en direction de Mandelieu la Napoule, le spot se situe à côté du port de cette dernière et en face du centre spatial de Thalès Alenia Space (ex-Aérospatiale).","ESE","ESE","- Gauche creuse et puissante","- Beaucoup de monde (surfeurs, baigneurs, véliplanchistes), - Digue","Tous niveaux","Sand"
"44.0388","-1.34343","Cap De L'homy, Lit Et Mixe","/surf-info/cap-homy-lit-mixe-s1009.html","Le cap de l?homy est typique du beach break landais seulement les bancs jouent à cache-cache avec les surfeurs. Mais si vous avez un peu de chance, vous pourrez vous caler bien au chaud dans le tube, avec personne au line-up.","Entre Lit et Mixe, direction Cap de l'Homy (D88)","ENE","NO","- De la place ! ","- Courants, - Baïne","Tous niveaux","Sand"
"44.6436","-1.26325","Cap Ferret","/surf-info/cap-ferret-s1010.html","La presqu'île du Cap-Ferret, logée entre le Bassin d'Arcachon et l'Océan, possède une situation géographique aussi singulière qu?extraordinaire : on peut ainsi profiter à la fois des paysages du bassin d'Arcachon et des vagues de la Côte d'Argent. Pour trouver le meilleur spot, un seul conseil : se hisser en haut des dunes et chercher sans relâche le meilleur banc de sable. Plus facile d?accès, on favorisa le spot du Truc Vert lors de la saison estivale, et la plage de l'Horizon en basse saison.","Depuis Lège Cap-Ferret, prendre la D106 vers le sud. L'accès au spot se fait par la route forestière du ""Truc Vert"",une fois arrivé sur place, il ne vous reste plus qu'à escalader la dune !","E","NO","- Creux et rapide, - Fonctionne régulièrement","- Courants très présents , - Baïnes , - Foules l'été et quand le spot marche bien","Tous niveaux","Sand"
"43.1679","5.69322","Cap Saint Louis","/surf-info/cap-saint-louis-s1008.html","Le plus joli pointbreak de droite de toute la Méditerranée française ! Les droites des Lecques s'enroulent autour du cap St-Louis et peuvent déferler sur près de 200m. Non seulement c'est long mais ça peut être creux et assez puissant. Nul doute que ce joyau est hautement attendu par tous les surfers du 13 et du 83.","D559 entre La Ciotat et les Lecques, hameau ""le Liouquet""","NE","SO","- Gros spot de surf","- victime de son succès !, - oursins, - rochers","Expérimenté","Reef"
"43.6531","-1.44536","La Centrale, Capbreton","/surf-info/la-centrale-capbreton-s1194.html","Capbreton affiche un front de mer pittoresque avec ses restaurants de fruits de mer, son Casino, la digue de l'Estacade, de jolies villas et une série de plages entrecoupées de digues qui filtrent la houle et deviennent donc un spot de repli quand c'est insurfable au nord. Autant dire que c'est systématiquement la foule quand c'est le seul spot qui fonctionne. ","A63 sortie Capbreton-Hossegor puis à Capbreton","E","NO","- Spot de repli, - Pour tous les niveaux, - Bonne ambiance à l'eau","- Fréquentation, - Rochers","Tous niveaux","Sand"
"41.9633","8.57486","Capo Di Feno","/surf-info/capo-di-feno-s1012.html","Ajaccio est le berceau du surf en Corse et la route des Sanguinaires vers le Nord dessert quelques plages et reefs plus ou moins exposées aux houles de Mistral. A 15km d'Ajaccio, Capo di Feno aussi appelé Anse de Minaccia est à la fois une plage de plus d'1km exposée O-SO et un reef de droites, en allant vers le Cap par les chemins de terre.","A 15 km à l'ouest d'Ajaccio par la Route des Sanguinaires (D111)","ENE","O","- Pour tous niveaux","- Récif à gauche du spot, - Devient dangereux par grosse houle","Tous niveaux","Sand"
"45.0816","-1.1951","Carcans Plage","/surf-info/carcans-plage-s1013.html","Un spot charmant resté sauvage aux abords d'une ville côtière tranquille. Une bonne ambiance à l'eau, des vagues pour tous et souvent de très bon bancs en place. Moins de monde que la commune voisine de Lacanau.","Depuis Bordeaux (33), suivre rocade et sortir à ""Lacanau"". Suivre la route jusqu'à la hauteur de St Hélène puis bifurquer direction ""Carcans Océan""","E","NO","- Peu de monde, - De très bons tubes, - Spot exposé,  ","- Courants","Tous niveaux","Sand"
"46.0524","-1.41389","Chassiron","/surf-info/chassiron-s1014.html","L'île d'Oléron offre une palette de spots adaptée à toutes les conditions de vents et de marées. Tout à la pointe Nord se trouve le reef de Chassiron qu'on ne peut surfer qu'à marée basse au terme d'une fastidieuse marche sur les crêtes rocheuses des pièges à poissons. On y trouve des gauches assez longues et des droites plus courtes et violentes."," Accès galère jusqu'aux vagues (500m sur le reef, 10 min)","ESE","NO","- Creuse et rapide","- Oursins, - Courants, - Baïne, - Ne pas y surfer seul","Expérimenté","Reef"
"44.0865","-1.3296","Contis Plage","/surf-info/contis-plage-s1015.html","Spot landais bien sympathique. Les Blockhaus au nord et les environs de l'embouchure du courant comptent parmi les spots les plus souvent surfés avec pas mal d'espace pour accueillir du monde. Bien observer les baïnes depuis la dune pour savoir lesquelles abritent les meilleurs bancs de sable. ","Presque 10 kms depuis St-Julien en Born le long de la D41, direction la plage Nord, après la rue principale, prendre le front de mer (600m) central. ","ENE","NO","- Pas bétonné, - Bien pour les débutants","- Baïnes, - Tendance à fermer","Tous niveaux","Sand"
"45.7195","-1.24232","Côte Sauvage, La Palmyre","/surf-info/cote-sauvage-palmyre-s1017.html","Plein ouest, ces bancs de sable sont bien exposés à la houle, et en hiver c'est souvent un chantier insurfable, avec des courants dans tous les sens. A quelques km du phare de la Coubre se trouve la Maison Forestière de la Bouverie d'où part un accès qui donne son nom au spot, site des Championnats de France 2004.","La D25 relie la Tremblade au nord à la Palmyre au sud, soit 21km par la côte mais 10km de route près des plages.","ENE","NO","- Les pics peuvent se caler « comme dans les Landes »","- Baïnes, - Courants forts","Tous niveaux","Sand"
"48.248","-4.54971","Crozon","/surf-info/crozon-s1016.html","C?est sûrement le spot le plus connu de la presqu?île, mais aussi un des plus difficiles d?accès. Sa capacité à capter les houles aussi bien légérement Nord que Sud fait de la Palue un aimant à vagues dans le Finistère. Ce sont des vagues de sable avec des pics qui bougent avec les marées. Assez creux surtout par vent d?Est, avec des tubes à trouver pendant les bons jours. Pour les débutants, l'anse de Goulien est à privilégier: un beachbreak multipic abrité plus au Nord qui offre également de bonnes vagues par grosse houle.","A Morgat, suivre le panneau ""Cap de la Chèvre"" sur la D255 et au lieu-dit Montourgar, il faut prendre à droite au prochain croisement. Il y a un grand parking en haut de la dune.","E","O","- Creux","- Forts courants, - Foule l'été","Intermédiaire/Expérimenté","Sand"
"49.9283","1.07048","Dieppe","/surf-info/dieppe-s1018.html","","","","","","","",""
"48.6404","-2.06749","Dinard","/surf-info/dinard-s1019.html","A 45 min de Dinard, le Cap Fréhel est le spot le plus proche. Ce pic droite-gauche qui fonctionne de temps en temps attire du monde et pour cause. Il offre une vague creuse et rapide, déconseillée aux débutants ! Pour les aventureux, n?allez pas sur le pic principal. Pour les autres, attention à respecter l?étiquette et être prudent quand il y a de la taille.","Facile à trouver","N","NO","Vague creuse et rapide","- Courants/Baïnes- Rochers- Localisme","Expérimenté","Sand"
"48.1115","-4.28729","Douarnenez, Kerlaz","/surf-info/douarnenez-kerlaz-s1020.html","Tout le monde parle de ce pointbreak mais il marche rarement et la foule des grands jours est toujours au rendez-vous. Pendant les grosses houles d'hiver, il arrive que la houle rentre suffisamment en baie de Douarnenez pour s'enrouler autour de la pointe Leydé et donner de longues gauches qui lèchent les cailloux au bord. Mettez un casque, plus pour les cailloux que pour la vague.","Depuis Tréboul, à l'ouest de Douarnenez, prendre la route des Roches Blanches, puis le sentier Côtier sur la droite. Petit parking pas évident à trouver.","OSO","NO","- Vagues rapides et puissantes,  ","- Spot dangereux, - Les rochers, - Difficile à trouver","Expérimenté","Reef"
"43.4076","-1.6434","Erromardie","/surf-info/erromardie-s1021.html","Sur ce spot dangereux en raison du reef, on trouve une gauche un peu molle mais qui marche relativement bien. Une droite méchante et tubulaire surfable uniquement à marée haute. Le spot est moins exposé au swell lors de grosses houles. ","De Saint Jean de Luz, prendre la direction de Guéthary puis suivre les panneaux Plage d'Erromardie. La plage se situe à la sortie de Saint Jean de Luz.","ESE","NO","- Spot de repli, - Capte pas trop mal les petits swells estivaux","- Rochers sur la gauche, - Courant important , - Interdit aux débutants (reef)","Expérimenté","Reef"
"49.7079","0.199331","Etretat","/surf-info/etretat-s1022.html","A Etretat, le spot le plus célèbre de Normandie casse au pied d'une haute falaise blanche de calcaire, d'où le nom de Côte d'Albâtre. Petit parking mais grosse fréquentation dans l'eau vu la notoriété du spot. ","Attention, embouteillages garantis avant d'arriver et ensuite, sur le spot. Parking gratuit, mais un peu loin du centre-ville","ESE","O","- Cadre splendide","- Exposition pas top, - Ne marche pas tout le temps","Tous niveaux","Reef"
"42.7358","9.34335","Farinole","/surf-info/farinole-s1023.html","Ce spot corse est très peu connu, il convient au surf comme au bodyboard.","- Parking à proximité","NE","ONO","- Vague creuse tout à gauche de la plage","- Du monde quand ça rentre","Tous niveaux","Sand"
"47.7547","-3.51437","Plage Du Loch","/surf-info/plage-loch-s1161.html","La très longue plage (1.5km) du Fort-Bloqué peut donner des vagues mais ce n?est pas très ordonné avec beaucoup de kitesurfeurs.  Pas loin on trouve Guidel, l'épicentre du surf lorientais.","Suivre la D185 jusqu'au Courégant puis les Boulevards des plages (D152) jusqu'à Guidel-Plage.","ENE","OSO","- Swells fréquents","- Le monde à l'eau","Tous niveaux","Sand"
"43.4227","-1.61901","Cenitz, Guethary","/surf-info/cenitz-guethary-s1217.html","Guéthary est un village dans la falaise, qui surplombe une poignée de reefbreaks d'excellente qualité. En face de la butte et la Chapelle de Parlementia déferlent de longues droites, souvent appelées à tort Guéthary, qui se surfent de 2m à 5m. C'est le haut-lieu des gunners dès que la houle dépasse 2.5m sachant que les gauches d'Alcyons et Avalanche peuvent atteindre 4-5m juste au sud du chenal. Pour les petites houles, les longboarder se régaleront.","De Saint Jean de Luz ou de Biarritz, suivre la direction de Guéthary. L'accès à la plage avant le pont de la voie ferrée est souvent bondé, alors mieux vaut viser le parking de la Chapelle ou mieux encore la terrasse de Guéthary, d'où l'on checke à merveille l'ensemble des reefs jusqu'à l'outside de Cenitz.","SE","NO","- Adapté au longboard quand il n'y a pas trop de houle, - Sature que lors de très fortes houles ","- Spot d'habitués, - Prévoyez beaucoup de rame pour votre session, - Du monde quand ca marche, - Reef","Expérimenté","Reef"
"43.3766","-1.77091","Hendaye","/surf-info/hendaye-s1027.html","La longue plage d'Hendaye (3.5km) est un jardin pour débutants. Les vagues y sont rarement trop grosses et cette plage très plate ralentit la houle et permet de surfer en toutes occasions sauf si la houle est vraiment faible (moins d'1m et 6-7sec de période). C'est au milieu de la baie vers le Casino que se trouvent les vagues qui déferlent le mieux. Plus c'est gros, plus on surfe sur les côtés. C'est aussi un spot de repli lorsque que les houles sont trop grosses pour les autres spots.","En arrivant par le nord, sortir à St-Jean de Luz sud et prendre la route de la Corniche (beau panoramique) qui mène directement à Hendaye-Plage. On se gare facilement le long du boulevard, parfois loin du Casino s'il y a du monde.","SE","NO","- Bon spot pour apprendre (beaucoup d'écoles de surf), - Parfait pour le stand-up Paddle, - Spot de repli","- Petites conditions , - Ne fonctionne pas lorsque la houle est trop faible","Tous niveaux","Sand"
"43.6629","-1.44313","Hossegor, La Centrale","/surf-info/hossegor-centrale-s1192.html","Le site d'Hossegor est de loin le plus connus des spots de surf de France. Accueuillant une étape des championnat du monde de surf depuis 2001, il est reconnu comme ""le meilleur beachbreak"" avec ses vagues rondes, puissantes, cassant en shorebreak, comme aux Culs-Nuls ou à La Gravière. Lors des grosses et longues houles assez fréquentes en Baie de Biscaye, il est rare de trouver un banc de sable qui ne ferme pas alors les regards convergent vers La Nord, au nord de la Centrale. ","Suivre Hossegor qui est bien indiqué. Une fois passé le pont du Canal du Lac d'Hossegor, il faut se diriger vers la Centrale.","E","NO","- Le meilleur beachbreak d'Europe (du monde ?), - Fonctionne régulièrement , - Des vagues qui creusent","- Certains spots sont puissants donc dangereux, - Grande fréquentation surtout en période estivale","Expérimenté","Sand"
"45.2231","-1.17519","Hourtin","/surf-info/hourtin-s1029.html","Pas très loin du lac d'Hourtin-Carcans, cette station balnéaire du Médoc n'est pas aussi grande que Lacanau-Océan mais elle est souvent moins encombrée au coeur de l'été permettant de se déplacer plus rapidement. Côté ensablement, on se rapproche de la configuration typique girondine, avec des vagues déferlant entre un cordon dunaire érodé et un banc du large, qui dissipe l'énergie de la houle, en faisant fermer les vagues à marée basse ou sur les houles longues. ","De Bordeaux prendre direction Lacanau, puis Carcans. A Carcans direction Hourtin. Suivre ensuite la direction de Hourtin-Plage.","NE","NO","- Marche aussi bien que Lacanau (quand les bancs sont en place),  ","- Courants, - Baïne, - Grande fréquentation en été","Tous niveaux","Sand"
"43.331","5.06944","L'arquet, Sausset","/surf-info/arquet-sausset-s1030.html","Spot très agréable par grosse houle, ce qui est très rare dans cette région.  Deux fois par an le spot dépasse les 2m50?à ne pas rater...","A la plage de la Couronne prendre la direction du phare, puis prendre a gauche, le spot est à côte du parking.","NO","OSO","- Vagues creuses","- Fond rocheux tapissé d'oursins, - Take off raide avec rocher en face","Expérimenté","Reef"
"46.3416","-1.43111","L'embarcadère","/surf-info/embarcadere-s1031.html","Spot de repli par excellence, ces mini-droites longues et creuses ne fonctionnent réellement qu'une vingtaine de fois dans l'année sur les énormes houles (4-5m, 13-14sec) d'Ouest à Sud-Ouest qui s'enfoncent dans la baie, pètent sur des récifs au large et reforment au bord, entre la jetée et les bateaux, ancrés non loin.","A La Tranche sur Mer, chercher les indications ""L'embarcadère"".","NO","ONO","- Spot de repli","- Ne fonctionne que par grosse houle,  ","Tous niveaux","Sand"
"48.0002","-4.56745","Pointe De Lervily, Esquibien","/surf-info/pointe-lervily-esquibien-s1152.html","La droite de l'île aux Vaches, aussi connue sous le nom de la Pointe du Lervily, a longtemps été un spot secret mais la qualité de ce pointbreak de droite, sa capacité à tenir la taille et sa proximité avec le port d'Esquibien en ont fait un spot de référence, non seulement pour les surfeurs d'Audierne mais pour beaucoup de surfeurs bretons. C?est le spot de gros de la bretagne, un niveau confirmé ne suffit pas pour y surfer.","Une fois passé le pont du Goyen, qui s'enfonce profondément dans les terres, allez vers la Grande plage d'Audierne, puis vers le débarcadère de Sainte-Evette, vers la rue de Lervily.","NE","OSO","- Spot de gros, - Puissant","- Attention au reef, - Courants, - kitesurfeurs et windsurfeurs présents également","Expérimenté","Reef"
"47.2788","-2.39661","La Baule Escoublac","/surf-info/la-baule-escoublac-s1033.html","La Govelle est un spot de Loire Atlantique, on y trouve quelques bonnes vagues à shooter et un cadre sympa. Le spot attire bodyboardeurs et surfeurs. ","Direction Batz-sur-mer puis côte sauvage en descendant vers La Baule panneau camping de La Govelle , c'est la petite plage juste à côté.","NE","SO","- La droite marche de temps en temps, - Cadre agréable","- gros reef sur le peek sud","Tous niveaux","Sand / Reef"
"43.3045","6.63289","La Madrague, Saint Cyr Sur Mer","/surf-info/la-madrague-saint-cyr-mer-s1037.html","Ce n'est pas franchement le meilleur spot de Méditerranée.","La plage de la Madrague se situe au bout de l?avenue du Général Leclerc en venant de Sainte-Maxime, juste avant d?arriver à la pointe des Sardinaux.","NNO","SSE","- Cadre sympa","- Quelques reefs","Tous niveaux","Reef"
"48.2028","-4.55725","La Palue","/surf-info/la-palue-s1038.html","La Palue est le spot de référence de la Péninsule de Crozon. Il peut accueillir beaucoup de monde car la plage est grande (2km) et que les vagues se lèvent à tous les stades de marées. C'est un écrin de verdure quasiment vierge de toutes constructions.","A Morgat, suivre le panneau ""Cap de la Chèvre"" sur la D255 et au lieu-dit Montourgar, il faut prendre à droite au prochain croisement. Il y a un grand parking en haut de la dune.","SE","NO","- Un des spots les plus réguliers de Bretagne","- Le spot est réputé, donc il y a du monde à l'eau évidemment","Expérimenté","Sand"
"46.6376","-1.89473","La Sauzaie, Bretignolles","/surf-info/la-sauzaie-bretignolles-s1039.html","La Sauzaie est « Le » spot référence de la région. Ce spot de « reef » offre de jolis « peaks » surfables uniquement à mi-marée et à marée haute. A la Sauzaie, les vagues rivalisent largement avec les vagues landaises et basques. Régulièrement entre 1 et 2 mètres de haut, elles permettent aux surfeurs d'enchaîner les figures à moins de 20m de la côte.","Corniche entre Bretignolles et St Gille Croix de Vie, lieu-dit La Sauzaie","ENE","O","- L'un des rares spots de reef en France !","- La difficulté","Expérimenté","Sand / Reef"
"47.8404","-4.35142","La Torche","/surf-info/la-torche-s1040.html","La Torche est surement le spot de surf le plus connu de toute la Bretagne. L'immense plage orientée plein ouest garantit une fréquence de vagues optimale et plusieurs pics en fonctions des bancs de sables. Un chenal, situé près de la pointe de la Torche, permet de rejoindre le large très facilement en offrant un abri contre les vents de sud. N'oubliez tout de même pas d'en sortir avant de finir trop au large ! Ce spot offre parfois des vagues puissantes pouvant atteindre 3 mètres, 3.5 mètres...","Depuis Quimper, prendre la direction de Pont l'Abbé puis, Plomeur. Se diriger ensuite vers la Pointe de Penmarc'h par la D785 puis la Torche (sur la droite) jusqu'au grand parking.","E","O","- L'ascenseur (le chenal) permet de se rendre au large et de passer la barre plus aisément , - Ce spot fonctionne régulièrement,  ","- Baïnes et courants latéraux importants, - Fréquentation quand le spot marche bien ,  ","Tous niveaux","Sand"
"46.3391","-1.44015","La Tranche Sur Mer","/surf-info/la-tranche-mer-s1041.html","Spot de repli par excellence, ces mini-droites longues et creuses ne fonctionnent réellement qu'une vingtaine de fois dans l'année sur les énormes houles (4-5m, 13-14sec) d'Ouest à Sud-Ouest qui s'enfoncent dans la baie, pètent sur des récifs au large et reforment au bord, entre la jetée et les bateaux, ancrés non loin.","A La Tranche sur Mer, chercher les indications ""L'embarcadère"".","NO","ONO","- Spot de repli","- Ne fonctionne que par grosse houle","Tous niveaux","Sand"
"43.5997","-1.47254","Plage Centrale, Labenne","/surf-info/plage-centrale-labenne-s1199.html","Labenne est devenu le nouvel eldorado du tube de shorebreak pour tous ceux qui veulent fuir la foule d'Hossegor. Attention, ces vagues sont élitistes et marchent rarement. Il y a moyen de dégoter quelques pépites d'une tubularité renversante. Pas sérieux s'abstenir.","A 5km de la D810 (ex-RN10) par la D126","NE","ONO","- Tubes parfaits","- Forts courants","Tous niveaux","Sand"
"45.0013","-1.20519","Lacanau","/surf-info/lacanau-s1043.html","Très grande plage avec une multitude de spot, Lacanau Océan offre un large choix à la demande ! Cependant on y voit se déverser le flux le plus régulier de ''waveriders'' bordelais en mal de vagues. Avec une petite dizaine d'écoles de surf dont le plus gros surfclub de France et autant de surfshops, on n'a que l'embarras du choix question accueil. La plage nord est la plus accessible pour un check rapide devant la Maison de la Glisse. Ce spot est accesible pour tous les niveaux, cependant, la taille et la puissance des vagues peuvent surprendre les débutants. ","Relativement proche de Bordeaux (une petite heure), l'accès se fait par la rocade, sortie 8. Il suffit de suivre ""Lacanau Océan"" et vous y arriverez sans trop de soucis.  ","ENE","NO","- Excellent spot, - Puissant et tubulaire avec un vent offshore , - Spot qui fonctionne régulièrement bien , - Tout est à disposition : parkings, douches, tous types de commerces...","- Digues, - Baïnes, - Courants, - Les zones baignades, - Accès difficile l'été (bouchons), - Beaucoup de monde à l'eau l'été,  ","Tous niveaux","Sand"
"43.4141","-1.62781","Lafitenia, Saint Jean de Luz","/surf-info/lafitenia-saint-jean-luz-s1218.html","Si l'Aquitaine manque cruellement de pointbreaks, la baie de Lafiténia fait exception avec ces droites souvent comparées à ''Bells Beach'' en Australie. Les vagues permettent un surf tout en cut-backs avec des marches d'escalier assez difficiles à négocier notamment au take-off.  Le déferlement est rarement parfait mais ça peut être long si l'on a la chance de connecter jusqu'au bord. ","De St-Jean de Luz, remonter vers le Nord par la N10. La plage de Lafiténia se trouve entre St-Jean de Luz et Guéthary. Par l'A63, prendre la sortie 3 et remonter au nord de St-Jean de Luz.","SE","NO","- Une droite très sympa","- Rochers présent un peu partout, - Attention aux règles de sécurité , - Courant","Expérimenté","Reef"
"44.7973","-1.23764","Le Grand Crohot","/surf-info/le-grand-crohot-s1045.html","L'avantage du Grand-Crohot c'est la proximité du Cap Ferret sans l'inconvénient de son accès en entonnoir qui bouchonne terriblement l'été. Comme partout sur le cordon dunaire aquitain, on peut y trouver des baïnes avec des pics de rêve comme un banc du large droit et sans faille qui fait fermer irrémédiablement la houle.","Depuis Lège Cap-Ferret, prendre la D106 plein ouest","E","O","- Personne l'hiver, - Des bancs de sable de rêve possible","- Irrégularité des bancs de sable","Tous niveaux","Sand"
"45.4341","-1.15584","Le Gurp","/surf-info/le-gurp-s1046.html","Le Gurp est devenu un spot de repli quand les longues houles de plus de 3m saturent le littoral girondin de la Côte d'Argent. C'est toujours plus gros dans l'eau que depuis la plage avec des longs et puissants tubes bien creux. ","Via Montalivet au sud ou par la route des Lacs (D101) via Vendays. A l'arrivée, grand parking sur la dune avec un check ultra-rapide.","E","O","- Tubes, - spot de repli","- Forts courants, - Baïnes","Tous niveaux","Sand"
"43.1316","6.36725","Le Lavandou","/surf-info/le-lavandou-s1047.html","Pour ce spot méditerranéen du Lavandou, les conditions optimales doivent etre réunies pour qu'il fonctionne. Vous aurez plus de chance en hiver d'y trouver des vagues.","- Rare","SE","SE","- Bonne atmosphère, - Peu de monde","- Rare","Tous niveaux","Sand"
"44.8911","-1.22189","Le Porge","/surf-info/le-porge-s1049.html","Question vagues, c'est toujours la même histoire sur cette côte girondine rectiligne, elle est capable du meilleur comme du pire. Beaucoup moins de monde qu'à Lacanau - niveau des surfeurs moyen - bonne droite qui marche au montant à la centrale.","Situé entre Lacanau et Le Cap-Ferret. Depuis Bordeaux sortie Rocade N°9 ""St Medard en Jalles"" puis suivre ""Hastignan"" (toutjours tout droit). Quelques kilomètres plus loin, est après de nombreux ronds-points, prendre à gauche (sur un rond point également) Direction ""Le Porge"". ","E","O","- Beach-break puissant","- Beaucoup de monde en été","Tous niveaux","Sand"
"43.2616","5.36889","Le Prado","/surf-info/le-prado-s1050.html","Bienvenue à ""Epluchure Beach"". Le spot a été renommé ainsi en raison de la forte pollution qui le touche. Cela reste un spot urbain au c?ur de Marseille accessible aux débutants. Les amateurs de shortboard seront d?ailleurs déçus des conditions. Il y a 4 plages au Prado (Roucas Blanc, Borély, Bonneveine et Vieille Chapelle) séparées par 2 digues en T et deux petites digues. C'est sur Bonneveine qu'on trouve les meilleures vagues.","Une fois à Marseille, suivre la Corniche depuis le Vieux Port ou prendre l'avenue du Prado depuis le Centre.","NE","O","- Vagues molles (pour les débutants), - Longboard","- La pollution, - La foule en été","Tous niveaux","Sand"
"46.2572","-1.51811","Le Ptit Bec","/surf-info/le-ptit-bec-s1048.html","Longue de 25 km, l'île de Ré est moins généreuse en spot que sa voisine Oléron. Elle ne se surfe qu'entre la mi-marée et la marée haute. Et le petit bec, à l'est de la Pointe Nord du Phare des Baleines, ne fait pas exception à la règle. Le peak du Petit Bec se situe juste à côté du spot de Lizay","Par le pont à péage (16.5? pour les Continentaux, 9? hors Juin-Sept.). Sur la route direction ""Les Portes en Ré"" et arrivé au village ""La Rivière"", tourner à la 2eme gauche (1ere sens interdit) ensuite 1ere à droite et tout droit vers les parkings de la plage.","SO","NO","- Vague rapide","- Grande fréquentation l'été, - Récif au bord, - Quelques dalles au peak","Tous niveaux","Sand"
"45.5538","-1.09829","Le Verdon Sur Mer","/surf-info/le-verdon-mer-s1052.html","Attention le surf est interdit durant la période estivale. Quelques petites vagues à prendre par Mistral ou vent de sud pour mettre les kids à l'eau sans trop de risques. Spot de repli par grand vent de sud ou grosses houles, quand c'est en vrac ailleurs. ","Direction l'Arquet et poursuivre direction Carro. On ne peut pas rater le parking.","NNE","OSO","- Puissance de la vague","- Rochers sur les bords, - Courants","Expérimenté","Sand"
"46.0126","-1.33197","Les Boulassiers, La Bree Les Bains","/surf-info/les-boulassiers-bree-bains-s1053.html","Deux fois plus grande que Ré et mieux exposée à l'ouest, l'île d'Oléron donne une palette de spots dans toutes les conditions de vents et de marées. Tout à la pointe Nord se trouve le reef des Boulassiers aux gauches un peu molles mais facile à surfer.","Par le pont à puis 33km (40min) depuis Bourcefranc (continent). Par D734 jusqu'au phare. Accès galère jusqu'aux vagues (500m sur le reef, 10 min)","OSO","NNO","- Tranquille, - Du monde quand ca marche","- Rochers","Tous niveaux","Reef"
"46.6058","-1.85827","Les Dunes, Bretignolles","/surf-info/les-dunes-bretignolles-s1055.html","La plage des dunes, n?est pas un spot dangereux. Il capte une longue houle avec des vagues qui déroulent parfaitement.","De St Gilles Croix de Vie, prendre la D38 direction Brétignolles ; environ 10km de route pour accéder à la plage des Dunes, après un gros rond-point, un panneau indique la Plage des Dunes. ","E","OSO","- Bon spot pour progresser","- Un peu de courant","Tous niveaux","Sand"
"43.6871","-1.442","Les Estagnots, Seignosse","/surf-info/les-estagnots-seignosse-s1056.html","Même si le surf n?a d?yeux que pour Hossegor, le spot Sud de Seignosse qui offre des barrels parmi les plus longs de la région. Les vagues n'y sont pas toujours « worldclass » mais le profil de plage est souvent adapté à ces gauches et droites délimitées par la configuration des baïnes.","A Seignosse prendre ""Les Estagnots"" puis se diriger vers la plage.","ESE","NNO","- Belle et longue gauche","- Qualité variable selon les bancs et les baïnes,  ","Expérimenté","Sand"
"46.16","-1.36","Les Grenettes, Sainte Marie de Re","/surf-info/les-grenettes-sainte-marie-re-s1057.html","Le spot, situé sur la hameau de la Noue, est le plus fréquenté pour sa régularité et son accessibilité. La côte y est formée de petites falaises qui surplombent une mince plage . Le fond de reef ensablé est jonché de coffrages de bois avec quelques restes d'écluse à poissons (attention).","Par la côtière (D375) du phare des Baleines, puis 6km jusqu'à la Noue","ENE","O","- Pour tous les niveaux de surf","- Reef à marée basse, - Beaucoup de monde","Tous niveaux","Sand"
"46.0033","-1.39171","Les Huttes","/surf-info/les-huttes-s1058.html","La plage des Huttes est située au Nord-Ouest de l'ile, avec une zone réservée au kite au Nord du spot. En été, le spot est très fréquenté.","Suivre la route principale de l'île en direction du Nord (Saint-Denis), puis tournez à gauche au panneau « les Huttes ». Les Huttes se trouvent à 3,5 km de Saint Denis d'Oléron.b","NE","O","- spot semi repli","- Courants, - Bouées, digue, - Reef à marée basse","Tous niveaux","Sand"
"43.4995","-1.54342","Le Club, Anglet","/surf-info/le-club-anglet-s1208.html","Avec ses 3.5km de plages, Anglet est probablement la commune de France la plus surfée à l'année avec des conditions extrêmement constantes et notamment le spot des sables d'or.","A63 Sortie Bayonne Sud/Anglet, suivre Anglet Sud et Anglet Cinq Cantons, puis suivre Chambre d'Amour","ESE","O","- L'ascenseur","- Le monde à l'eau","Tous niveaux","Sand"
"43.2707","5.36124","Marseille","/surf-info/marseille-s1060.html","Bienvenue à ""Epluchure Beach"". Le spot a été renommé ainsi en raison de la forte pollution qui le touche. Cela reste un spot urbain au c?ur de Marseille accessible aux débutants. Les amateurs de shortboard seront d?ailleurs déçus des conditions. Il y a 4 plages au Prado (Roucas Blanc, Borély, Bonneveine et Vieille Chapelle) séparées par 2 digues en T et deux petites digues. C'est sur Bonneveine qu'on trouve les meilleures vagues.","Une fois à Marseille, suivre la Corniche depuis le Vieux Port ou prendre l'avenue du Prado depuis le Centre.","NE","O","- Vagues molles (pour les débutants), - Longboard","- La pollution, - La foule en été","Tous niveaux","Sand"
"43.816","-1.40862","Messanges","/surf-info/messanges-s1061.html","Bon pic gauche/droite devant le camping du Vieux Port (plage sud). Autres pics plus au nord. La gauche marche très bien à marée basse.","Autoroute A63 puis accès par Magescq sortie N°10","SE","NNO","- Bon potentiel, - Tranquillité","- Courants","Tous niveaux","Sand"
"44.2154","-1.30013","Mimizan","/surf-info/mimizan-s1062.html","De part et d'autre du courant, Mimizan-Plage présente une longue façade maritime dont un belvédère nord qui court sur 4 plages (Garluche, Goëlands, Cormorans, Mouettes). Mais Mimizan a deux inconvénients : la ville abrite une manufacture de papier qui répend une odeur nauséabonde quand le vent est offshore... C'est au moins un bon indicateur. Et comme tout beach-break, ce n'est pas toujours propre et calé, surtout en été.","6 kms depuis Mimizan-Bourg. Commencer par les plages Nord comme la Garluche avec un grand parking avec vue sur le spot. Autre parking du Belvédère au nord. Les plages sont plus larges au sud.","NE","NO","- Pas surpeuplé, - Des zones sauvages","- L'odeur, - Le manque de consistance","Tous niveaux","Sand"
"43.8512","-1.39819","Moliets, Plage des chenes lièges","/surf-info/moliets-plage-chenes-lieges-s1063.html","Il n'est pas toujours simple de checker les conditions à Moliets puisque son accès principal est restreint et souvent on se gare loin. Entre le camping St-Martin au nord et le Golf au sud, on ne trouve que peu d'accès pratiques pour mater les bancs de sable. Mieux vaut savoir où on cherche ! On trouvera de bons bancs qui restent bien en place au Nord grêce au courant du Huchet, et vers le Sud dans un coin plus tranquille.","Route des lacs aprés Messange, puis Moliets plage (3kms depuis Moliets-et-Maa sur la D652).","ESE","ONO","- Les bons bancs","- Forts courants, - Baïnes","Tous niveaux","Sand"
"45.3785","-1.16313","Montalivet","/surf-info/montalivet-s1064.html","Montalivet-les-Bains présente l'avantage d'un Front de Mer d'où l'on peut observer l'ensemble des spots. De là, on peut identifier les bonnes baïnes.","De Bordeaux direction Lesparre médoc puis Montalivet. Passer par Vendays-Montalivet, puis prendre la D102 direction Montalivet les Bains (10 km). Arrivée sur le parking du Front de Mer.","ENE","O","- Bon spot médocain, - Banc de sable qui marche, - Spot de repli","- Houle plus petite qu'au sud","Tous niveaux","Sand"
"43.6918","7.2549","Nice","/surf-info/nice-s1065.html","Sans nul doute, Villefranche-sur-Mer est le spot le plus esthétique des Alpes-Maritimes. Ce pic droite-gauche niché au fond de la baie de Villefranche est dangereux, notamment sur la droite qui se lève violemment. Il faut ramer un bon quart d'heure avant d'arriver au spot. ","A 12 km à l'Ouest de Monaco et 5 km à l'Est de Nice, la baie de Villefranche est facile à trouver, avec le Cap Ferrat au loin.","OSO","S","- Gauches moins délicates à négocier, - Marche très rarement","- Le monde à l'eau, - Réservé aux surfeurs expérimentés","Expérimenté","Reef"
"43.5208","3.92433","Palavas Les Flots","/surf-info/palavas-flots-s1066.html","La plage des Coquilles est la plage la plus populaire de Palavas. Collée à l'Est du port de plaisance, la digue facilite l'accès au pic. De chaque côté du canal du Prévost on trouve des gauches rive droite et des droites rive gauche. On trouve aussi des droites à la Mairie. Compte tenu de la faible pente du fond, les vagues y sont souvent faiblardes.","Plein centre de Palavas","SE","SE","- Pour les grands débutants qui veulent se mettre à l'eau","- Le calme plat, - Attention à la horde de touristes","Tous niveaux","Sand"
"48.817","-3.45378","Perros Guirec","/surf-info/perros-guirec-s1067.html","Trestraou tient la taille jusque 2m et bizarrement, le spot s?améliore en qualité sur les grosses houles.","Dans le centre de Perros-Guirec .","SO","O","- Vagues facilement accessibles pour tous les niveaux","- Bonnes conditions assez rare, - Shore-break sur les galets","Tous niveaux","Sand"
"46.2594","-1.5112","Pointe Du Lizay","/surf-info/pointe-lizay-s1068.html","Le lizay est un spot où l'on trouve une vague rapide en gauche et un peu molle en droite. Jusqu'à 1,5m, c'est pour tout le monde mais au delà, c'est une vague puissante qui devient difficile et dangereuse surtout en gauche.","Sur la route direction ""Les Portes en Ré"" et arrivé au village ""La Rivière"", tourner à la 2eme gauche (1ere sens interdit) ensuite 1ere à droite et tout droit vers les parkings de la plage.","SE","NNO","- Meilleur spot de l'ile","- Bon niveau de surf requis, - Dalle rocheuse","Tous niveaux","Sand"
"47.2625","-2.34674","Pornichet","/surf-info/pornichet-s1069.html","Très bon spot mais il faut avoir de la chance pour y trouver de bonnes vagues. Accès au peak très facile . ","Sur l'axe Nantes-St Nazaire prendre la sortie La Baule / Guerande. Une fois sur l'axe La Baule-Guerande prendre la sortie Pornichet, c'est bien indiqué. Le spot est juste a côté du port.","OSO","O","- Bon l'hiver !, - Bien pour les débutants","Aucun danger particulier","Tous niveaux","Sand"
"47.8334","-4.35292","Pors Carn","/surf-info/pors-carn-s1070.html","Moins de monde qu'à la Torche mais des vagues plus creuses, Pors Carn a tout pour plaire.","Depuis Plomeur, prendre la direction de la Pointe de Penmarc'h par la D785 puis la Torche jusqu'au grand parking.","ESE","O","- La bonne surprise d'y voir moins de monde qu'à la torche","- Zone de surf dangereuse, - Courants","Tous niveaux","Sand"
"48.8204","-3.43228","Pors-nevez","/surf-info/pors-nevez-s1071.html","Le spot tient la taille jusque 2m et bizarrement, le spot s?améliore en qualité sur les grosses houles.","Dans le centre de Perros-Guirec .","SO","O","- Vagues facilement accessibles pour tous les niveaux","- Bonnes conditions assez rare, - Shore-break sur les galets","Tous niveaux","Sand"
"47.5222","-3.15528","Port Blanc, Quiberon","/surf-info/port-blanc-quiberon-s1072.html","Pour les surfeurs confirmés, vous trouverez à Port Blanc un ascenseur le long de la falaise. Si ça sature allez a l'isthme (fort de penthievre, direction le continent) gradient de vague jusqu'à sainte barbe.","La presqu'île fait 2.5km sur 10 de long mais en été, la circulation est ralentie. La Côte Sauvage est assez bien indiquée.","NE","OSO","- Vagues rapides","- Vagues qui ferment, - Le monde à l'eau","Expérimenté","Sand"
"47.516","-3.15162","Port Rhu, Quiberon","/surf-info/port-rhu-quiberon-s1172.html","La Péninsule de Quiberon renferme peut-être la plus grande densité de spots de surf de tout le Morbihan. Notamment le long de la Côte Sauvage, qui, sur 2 km, aligne 4 plages : Port-Blanc, Port-Marie, Port-Rhu et Port-Bara. Ce dernier est le spot le plus accessible de tous, favorable aux gauches et bien protégé des vents de N-O par la Pointe du Percho. Depuis 1987, la licence de la FFS est obligatoire pour surfer sur la Côte Sauvage.","La presqu'île fait 2.5km sur 10 de long mais en été, la circulation est ralentie. L'accès y est simple et bien indiqué. Suivre Quiberon puis la Côte Sauvage. ","E","O","- Sature que très rarement, ce spot tient bien la taille , - Les vagues sont souvent de qualité, - Plusieurs parkings ","- Falaises rocheuses, - Forts courants, - Fréquentation importante du spot, surtout en été","Tous niveaux","Sand"
"45.6158","-1.01635","Royan","/surf-info/royan-s1074.html","La Conche de Pontaillac, toute proche du centre ville de Royan est bien abritée du vent et des swells massifs de l'hiver. Dès que ça marche, on trouve pas mal de surfeurs qui sont là autant pour les vagues que pour le décor. La teinte de l'eau est forcément influencée par l'estuaire.","Par l'avenue de Pontaillac ou par le Blvd de la Falaise, essayer de se garer devant l'Esplanade et le Casino ou devant le Front de Mer.","NE","SSO","- Spot pour débutants,  ","- Ne fonctionne que par grosses houles, - La foule l'été","Tous niveaux","Sand"
"45.625","-1.05322","Royan Pontaillac","/surf-info/royan-pontaillac-s1075.html","La Conche de Pontaillac, toute proche du centre ville de Royan est bien abritée du vent et des swells massifs de l'hiver. Dès que ça marche, on trouve pas mal de surfeurs qui sont là autant pour les vagues que pour le décor. La teinte de l'eau est forcément influencée par l'estuaire.","Par l'avenue de Pontaillac ou par le Blvd de la Falaise, essayer de se garer devant l'Esplanade et le Casino ou devant le Front de Mer.","NE","SSO","- Spot pour débutants,  ","- Ne fonctionne que par grosses houles, - La foule l'été","Tous niveaux","Sand"
"43.39","-1.68256","Socoa","/surf-info/socoa-s1221.html","Spot de repli du Pays Basque, ce spot ne fonctionne que lorsque la houle sature sur les plages exposées et plutôt à marée haute (exceptés les jours de gros coefficients et avec une houle moyenne). Beaucoup de locaux les jours où çà marche.","Suivre Saint Jean de Luz Sainte Barbe","SE","NO","- Houle bien orientée","- Forts courants, - Bonne rame , - parking payant","Expérimenté","Reef"
"43.3292","5.10513","L'hermitage, Sausset","/surf-info/hermitage-sausset-s1076.html","Sausset-Les-Pins dont la Corniche, à l'est du Port, propose les vagues les plus abordables du coin. Entre le Menhir et la Dalle se trouvent 3 plages délimitées par des épis rocheux d'une cinquantaine de mètres. Les vagues cassent sur un reef couvert de gros galets, qui donne des vagues assez creuses, voire tubulaires ! Des vagues pour tout le monde.","En provenance de Marseille par autoroute, prendre la sortie 8. Emprunter ensuite la voie rapide de la Côte Bleue (D9) et prendre à l'est du port pour suivre la Corniche, il suffit de se garer sur les parkings en épis, côté terre.","NO","SSE","- Spot qui tube parfois, - Très fréquenté quand ça marche","- Rochers à la pointe, - Plage de gros galets","Tous niveaux","Reef"
"46.5535","-1.83772","Sauveterre","/surf-info/sauveterre-s1077.html","On trouve un pic rocheux nommé les pierres noires en face du parking. Cette dalle se surfe, pour les riders confirmés uniquement. Sur la droite du spot, il s'agit d'un beach break sans danger particulier.","Par le nord, arriver par la D80 (Route des Amis de la Nature), rentrer dans Sauveterre et prendre à droite par la route de la Mer. Parking à l'arrivée et 2 accès plage : 1 en face, l'autre à 500m vers le nord.","NE","NO","- Pour tous les niveaux","- Le reef à gauche","Tous niveaux","Sand"
"43.6977","-1.43666","Les Bourdaines, Seignosse","/surf-info/les-bourdaines-seignosse-s1189.html","On trouve au Penon une belle plage qui s?étire sur des kilomètres dans les deux directions. Offrant plusieurs spots notamment vers le sud avec la plage des Bourdaines et des Estagnots, on peut y surfer à marée haute comme à marée basse. En fonction de la houle, ces spots sont accessible à tous niveaux ce qui engendre une forte fréquentation en période estivale et lorsque les conditions annoncent de bonnes sessions ! Les vagues sont sympas,  puissantes mais attention au courant qui est parfois important. ","De l'A63, prendre la sortie 10 vers Soustons puis Seignosse. Traverser la ville vers Seignosse plage. Au Nord vous retrouverez Le Penon et au Sud, la plage des Bourdaines et des Estagnots. ","E","O","- Bons bancs de sable, - Fonctionne souvent, marée haute comme basse,  ","- Courants forts, - Baïnes présentes, - Fréquentation en hausse ","Tous niveaux","Sand"
"49.5502","-1.86503","Diélette","/surf-info/dielette-s1130.html","Cette longue plage de 15 km entre Vauville et Siouville, donne un nombre incalculable de pics derrière des petites dunes. La partie sud vers Siouville est très fréquentée, notamment par les wind surfers par vent de sud-ouest. C'est probablement le beachbreak le plus régulier de toute la Normandie. Ce spot offre parfois de bonnes conditions pour le surf. ","Quitter Cherbourg et suivre direction de Barneville-Carteret. Ensuite, toujours tout droit jusqu'à ce qu'un panneau indique Siouville. Suivre cette direction jusqu'à la grande plage. A vous de choisir le meilleur pic. ","ENE","ONO","- L'un des meilleurs spots du Cotentin, - Plusieurs pics accessibles, - Vagues rapides","- Grande fréquentation l'été, - Quelques rochers,  ","Tous niveaux","Sand"
"45.515","-1.13172","Soulac","/surf-info/soulac-s1080.html","Ce spot fait partie des spots de repli girondins. Cependant, mefiez-vous de la puissance des vagues. Bien faire attention au courant intense sur ce spot proche de l'estuaire.","Suivre Lacanau depuis bordeaux puis prendre direction ""le pian medoc"" et toujours tout droit sur la route du Médoc jusqu'à Soulac","E","O","- Spot visible en voiture","- Courants","Tous niveaux","Sand"
"43.777","-1.42082","Soustons","/surf-info/soustons-s1081.html","Spot tranquille avec parking derière la dune. Petite marche de 5 min avant d'arriver en haut. Bonne vue sur la forêt landaise en haut. Multiples pics gauche-droite tout le long de la plage.","Sortie Soustons de la N10, direction Soustons Plage","E","ONO","- Possibilité d'être complètement seul","- Courant fort","Tous niveaux","Sand"
"46.6891","-1.94176","Saint Gilles Croix De Vie","/surf-info/saint-gilles-croix-vie-s1082.html","La Vendée abrite une mine de spots entre Les Sables d'Olonne et St-Gilles Croix de Vie. Le remblai de la plage de St-Gilles est l'un des grands carrefours de ce surf Vendéen. On surf ici toute l'année, à toutes les marées mais les conditions ne sont pas pour autant tout le temps présentes. Il faut se méfier du courant qui peut rapidement vous faire dériver. Le meilleur moment pour surfer est à marée montante. ","De la Roche-sur-Yon, prendre la D948 en direction de Aizenay puis la D6 vers St-Gilles-Croix-de-Vie. Arrivé au niveau du port, prendre direction la Grande Plage (le remblai) et longer jusqu'à trouver de la place.","ENE","ONO","- Bon spot pour débuter, - Considéré comme un spot de repli","- Le courant vous fait dériver rapidement , - Le backwash ","Tous niveaux","Sand"
"43.9522","-1.36721","Saint Girons","/surf-info/saint-girons-s1083.html","Saint Girons Plage est une petite ville balnéaire très familiale. Pas la peine de chercher du gros surf ici, en revanche c'est parfait pour les débutants","Suivre la direction de Vielle Saint-Girons puis Saint-Girons Plage.","E","O","- Spot pour débutants","- Inconsistant","Tous niveaux","Sand"
"43.6472","7.20897","Saint Laurent Du Var","/surf-info/saint-laurent-var-s1084.html","Spot d'estuaire avec courants assez forts, vagues sympas quand ça marche mais eau boueuse et froide parfois due au Var.","Plage de St Laurent du Var à l'embouchure du Var.","SE","S","- Spot assez consistant","- Pollution, - Courant","Tous niveaux","Sand"
"48.8219","-3.3548","Trestel, Trevou Treguignec","/surf-info/trestel-trevou-treguignec-s1085.html","Surplombée par une falaise à l'ouest, la plage de Trestel s'étend sur environ un kilomètre de sable fin. ","En provenance de RENNES :  direction BREST/ST-BRIEUC (N12/E50). Après GUINGAMP, prendre la sortie LANNION. A LANNION, prendre la directionPERROS-GUIREC, tourner à droite au 3ème rond-point direction LOUANNEC/TRELEVERN/TREVOU, puis tourner au feu à gauche.","OSO","N","- Bon pour les débutants","- Manque de puissance, - Rochers aux extrémités de la plage","Tous niveaux","Sand"
"49.36","0.06475","Deauville","/surf-info/deauville-s1127.html","A l'est de l'estuaire de la Touques, se retrouvent les surfeurs du coin sur un spot appelé « Le Phare ». Exposés N-O, ces bancs de sable offrent pas mal d'espace mais une longue marche sur le sable et de la rame pour rejoindre le line-up car le profil de plage est quasi-plat. L'autre option consiste à attendre la marée haute pour surfer l'Aquarium, qui casse près du bord, avec un peu plus de puissance mais moins de fréquence.","Parking près du Casino, traverser la Promenade des Planches.","ONO","NO","- Petites vagues sympas","- Peu de puissance","Tous niveaux","Sand"
"43.3849","-1.75287","Vanthrax, Hendaye","/surf-info/vanthrax-hendaye-s1087.html","Spot de gros du Pays Basque révélé au grand public il y a peu qui est en fait une vague qui éclate à plusieurs mètres du bord sur un haut fond rocheux. Cette vague fonctionne occasionnellement dans l'année et est prisée des surfeurs et bodyboardeurs (surtout locaux).","A63 sortie Hendaye puis se diriger à l'est de la baie, vanthrax se trouve quelque part sur la pointe rocheuse","SE","NNO","- Pour les meilleurs, ils se régaleront","- Attention !!! Réservé aux pros ! Extrêmement dangereux par la taille de la vague et le reef.","Pro","Reef"
"45.88","-1.27","Vert Bois, Le Grand Village Plage","/surf-info/vert-bois-grand-village-plage-s1088.html","C'est entre Vert-Bois au nord et St-Trojan qu'on surfe le plus souvent sur l'île d'Oléron. Vert-Bois capte un peu moins la houle qu'au sud mais en hiver c'est un avantage quand les houles sont fréquentes et que, vu le profil plat des plages, celles de plus de 2-3m viennent heurter le fond très tôt et commencent à déferler à plusieurs centaines de mètres du bord.","Emprunter le pont d'Oléron pour accéder à l'Ile (gratuit) et suivre ""Grand Village Plage"" puis Vert Bois.","ENE","NO","- Bon spot pour débuter, - Spot de repli","- Manque de puissance parfois","Tous niveaux","Sand / Reef"
"49.8566","0.600858","Veulettes","/surf-info/veulettes-s1089.html","","","","","","","",""
"43.7908","-1.41651","Vieux Boucau","/surf-info/vieux-boucau-s1090.html","Le banc de sable de la Grande Plage offre souvent de très bonnes conditions. Bien connu des surfeurs locaux avec pas mal de monde pour prendre les bonnes vagues, souvent à marée haute. Le spot de la Sud propose de bonnes gauches tubulaires et, même si elles ferment régulièrement, les droites peuvent parfois être de bonne qualité. Attention aux baïnes du nord des Sablères, elles ne sont pas en reste. ","En provenance de Soustons, prendre la D652 jusqu'à Vieux Boucaux puis traverser la ville pour atteindre les plages, très accessibles. ","ENE","NO","- Un spot landais typique, - Fonctionne régulièrement","- Baïnes très dangereuses, - Beaucoup de monde en été, - Courants forts","Tous niveaux","Sand"
"43.3272","5.0588","La Couronne, Sausset","/surf-info/la-couronne-sausset-s1035.html","Spot de surf de la région connu pour tenir des houles allant jusqu'à 2m50. Gauche qui fonctionne par houle de Sud-Est avec un take-off très puissant suivi d'une section tubulaire face à la falaise.","Suivre ""Carro - la Couronne"" puis ""Cap Couronne"".","NNO","SO","- Puissance de la vague","- Rochers sur les bords","Tous niveaux","Sand"
"46.4915","-1.78314","Sables D'olonne","/surf-info/sables-olonne-s1092.html","La baie des Sables d'Olonne offre un bon spot vendéen de repli de la grande cale à la petite cale et depuis quelques années, délivre même de très belles conditions de surf. C'est un spot relativement facile. Attention aux baigneurs pendant la saison estivale!","Depuis la Roche-sur-Yon, prendre la voie rapide direction les Sables d'Olonnes. Le spot est facile d'accès, moins en été de par le monde. ","N","N","- Bon spot quand quand les conditions sont trop importantes sur les autres, - De bonnes sessions en hiver , - Accès très facile ","- Du monde quand ça marche, - Zones de baignades et beaucoup de touristes l'été, - Parking très vite saturé l'été, - Du courants","Tous niveaux","Sand / Reef"
"45.9131","-1.33193","Oléron","/surf-info/oleron-s1094.html","C'est entre Vert-Bois au nord et St-Trojan qu'on surfe le plus souvent sur l'île d'Oléron. Vert-Bois capte un peu moins la houle qu'au sud mais en hiver c'est un avantage quand les houles sont fréquentes. Et vu le profil plat des plages, les houles de plus de 2-3m viennent heurter le fond très tôt et commencent à déferler à plusieurs centaines de mètres du bord.","Emprunter le pont d'Oléron pour accéder à l'Ile (gratuit). Emprunter ensuite la D126 qui longe la côte sud pour arriver au spot.","ENE","NO","- Bons spots pour débuter","- Manque de puissance, - Fréquentation importante l'été","Tous niveaux","Sand / Reef"
"46.3867","-1.49483","Longeville Sur Mer","/surf-info/longeville-mer-s1095.html","A longeville, on trouve le spot de Bud Bud, peut-être le plus beau spot du département. Probablement parce qu?on y trouve des vagues qui peuvent tuber comme un bon beach break Landais. On s?y croirait : une immense forêt de pins maritimes, des dunes de sable et une plage rectiligne à perte de vue.","A 5km de Longeville au sud, à l'entrée du village des Conches.","ENE","NO","- Très bon beach break, - La bonne ambiance sur le spot","- Le monde en été , - Baigneurs","Tous niveaux","Sand"
"43.6692","-1.4433","La Nord, Hossegor","/surf-info/la-nord-hossegor-s68.html","Hossegor est devenu au fil des ans l'emblème du surf français, une marque mondiale connue sous toutes les latitudes comme « le meilleur beachbreak » avec ses vagues rondes, puissantes qui cassent en shorebreak, comme aux Culs-Nuls et à La Gravière. Lors des grosses et longues houles assez fréquentes en Baie de Biscaye, il est rare de trouver un banc de sable qui ne ferme pas alors les regards convergent vers La Nord, comme son nom l'indique, au nord de la centrale d'Hossegor.","Suivre Hossegor qui est bien indiqué. Une fois passé le pont du Canal du Lac d'Hossegor, il faut se diriger vers la Centrale. La Nord se situe forcément au nord de la Centrale à quelques centaines de mètres.","E","NO","- Le meilleur beachbreak d'Europe (du monde ?), - Fonctionne régulièrement, - Des vagues qui creusent ","- Vagues puissantes donc dangereuses, - Fréquentation importante lorsque ça marche, - Pas accessible à tous niveaux","Expérimenté","Sand"
"43.1752","5.69081","Les Lecques","/surf-info/les-lecques-s1098.html","La plage des Lecques de Saint Cyr sur Mer est la plus grande plage de la station balnéaire (1.4 km de long). Elle s?étend du port de St-Cyr au port de la Madrague dans une agréable baie face à La Ciotat.On trouve plusieurs postes de secours sur cette plage ouvert en été.Reporteur Surf-Report : Coco Hydro Sport ","Autoroute A52 Sortie 10 puis suivre panneaux ""La Plage""Accessible par la national depuis la Ciotat et Bambol","N","S","Facilité d'accès, Accessible à tous niveaux","Rapidement envahi lors de conditions (même l'hiver)Sature à 2m","Débutant / Intermédiaire","Sand"
"43.6411","-1.44662","La Piste, Capbreton","/surf-info/la-piste-capbreton-s1196.html","Capbreton affiche un front de mer pittoresque avec ses restaurants de fruits de mer, son Casino, la digue de l'Estacade, de jolies villas et une série de plages entrecoupées de digues qui filtrent la houle. C'est donc devenu un spot de repli quand c'est insurfable au nord. Autant dire que c'est systématiquement la foule quand c'est le seul spot qui fonctionne. Une belle droite peut défiler parfois le long de l'épi rocheux. ","Par l'A63, prendre la sortie 8 Capbreton-Hossegor puis traverser la ville pour arriver directement au niveau du CERS (centre de rééducation de sportifs).","E","NO","- Spot de repli, - Pour tous les niveaux, - Bonne ambiance à l'eau","- Fréquentation, - Rochers (digues)","Tous niveaux","Sand"
"43.5592","-1.49913","Le Métro, Tarnos","/surf-info/le-metro-tarnos-s1201.html","","","","","","","",""
"48.6367","-2.11967","Saint Lunaire","/surf-info/saint-lunaire-s1096.html","Comme pas mal de spots dans la baie du Mont SAint Michel, une grande marée est un plus pour des bonnes conditions. Les périodes les plus longues sont aux alentours de 10 secondes donc ne vous attendez pas à avoir plus. Le must c'est souvent avant ou après une tempête et n'ayez pas peur du vent onshore. Reporteur Surf-Report : Misitc Surfboard ","Dans le centre de Saint-Lunaire direction Saint-Briac","N","ONO","vagues tous niveaux ","Ne fonctionne pas a marré basse","Tous niveaux","Sand"
"43.3282","5.0383","Carro, Martigues","/surf-info/carro-martigues-s1097.html","Carro est un spot situé en Méditerranée. De part sa position géographique qui en fait un cap, il reçoit toutes les houles et tous les vents ce qui lui permet de fonctionner plus souvent que d'autres spots dans la même région. Reporter Surf-Report : Association Rêves Martigue","Quitter la A55 puis emprunter la départementale 9 et traverser tout le village pour arriver sur le spot.","N","N","Spot recevant toutes les houles et tous les vents donc marche souvent.","- Faire attention au courant , - Spot exposé au vent, - Vent de sud détériorant la qualité des vagues","Intermédiaire/Expérimenté","Reef"
"48.6906","-4.08499","La Mauvaise Grève","/surf-info/la-mauvaise-greve-s1138.html","Spot exposé plein ouest, idéal pour le longboard ","Sortie voie express Landivisiau ou morlaix, Direction Roscoff puis direction ""LE DOSSEN"" juste avant Santec évitez de passer dans le bourg de Santec, vous allez vous perdre. ","E","O","Spot sécurisant sans courant Le Paradis du Longboard ","Plutôt compliqué pour le bodyboard et le Shortboard ","Tous niveaux","Sand"
"50.4092","1.55823","Berck Sur Mer","/surf-info/berck-mer-s1113.html","","","","","","","",""
"50.9626","1.82252","Calais","/surf-info/calais-s1106.html","","","","","","","",""
"51.0655","2.43707","Dunkerque","/surf-info/dunkerque-s1105.html","","","N","N","","","Tous niveaux","Sand"
"50.8884","1.65789","Wissant","/surf-info/wissant-s1107.html","Avec une belle plage de sable s'étalant sur plus de 20 kms, c'est le spot idéal des kitesurfeurs et autres windsurfeur. Cependant, il reste accessible aux surfeurs à condition de bien checker la météo avant de se jeter à l'eau. Les vagues y sont assez molles, il est donc plus intéressant de surfer à marée basse où celles-ci seront plus creuses. ","A16 sortie Wissant entre Boulogne et Calais. Ensuite 10 minutes suffisent pour rejoindre la plage. ","N","N","- Mise à l'eau et sortie de l'eau facilitées par une plage avec une pente douce, - Vagues présentes assez régulièrement,  ","- Courant important et vent fréquent, - Fréquentation importante, notamment de kitesurfeurs et windsurfeurs , - Mer loin à marée basse ,  ","Débutant","Sand"
"50.8711","1.579","Cap Gris Nez","/surf-info/cap-gris-nez-s1108.html","Peut être l'un des meilleurs spot de surf du Nord de la France vous diront certains. Exposée Nord, la plage de la Sirène permet d'être protégé du vent et il n'est pas rare de surfer avec de belles conditions (1m50, vent offshore). Cependant, soyez attentifs à la marée. Lorsqu'elle est haute, les falaises sont proches et avec les courants relativement forts, il faut être prudent de ne pas se faire emporter près des blocs. En cas de plus petites conditions et surtout de vents plus faibles, les plages juste à coté sont également des spots où ça rentre. ","De Calais, suivre la D940 en direction de Boulogne. Puis bifurquer sur la D191 au niveau de la ville d'Audighen (sur 5 min). ","N","N","- Spot abrité du vent et des grossses conditions (plage de la Sirène), spot de repli, - En cas de plus faibles conditions, les spots à coté fonctionnent ","- Barres rocheuses proches par marée haute, - Courant important et vent fréquent ","Expérimenté","Sand"
"50.7869","1.60504","La Pointe Aux Oies","/surf-info/la-pointe-aux-oies-s1117.html","Situé à une vingtaine de kilomètres de Wissant, au Sud, Wimereux n'échape pas à la règle et est donc très prisé des kitesurfeurs et windsurfeurs. Très dur d'y surfer à marée haute puisque les vagues viennent parfois s'éclater sur la digue. Il est préférable d'y surfer à mi-marée pour que le banc de sable fasse sont effet. ","Depuis Paris, prendre la sortie 32 sur l'A16.","N","N","- Spot de repli proche en cas de trop grosses conditions, - Facile d'accès","- Fréquentation , - Très dur de surfer à marée haute, - Vent fort et fréquent","Tous niveaux","Sand"
"43.5144","-1.53291","Plage de l'océan, Anglet","/surf-info/plage-ocean-anglet-s102794.html","","","N","N","","","Tous niveaux","Sand"
"35.47","-6.04","Asilah","/surf-info/asilah-s2693.html","Paradise Beach est un spot de surf sur la longue plage d'Asilah. Beachbreak consistant qui marche à toutes les marées et à peu près toute l'année, avec des peaks en gauche et en droite. Le spot capte bien la houle et est assez connu à Asilah donc il y a pas mal de monde mais comme la plage est grande, ça ne dérange pas trop. On peut s'y initier au « Morrocan Sunscream », qui consiste à s'enduire sur le corps de l’argile se trouvant dans les grottes, dans les failles de la falaise, se créant ainsi une barrière contre le soleil.","A 46 km au sud de Tanger se trouve la ville d'Asilah. Le spot se situe à 10 mn au sud de la ville.","E","NO","ParkingLongue plage qui ne sature pas si beaucoup de monde","","Tous niveaux","Sand"
"34.21","-6.7","Kenitra Mehdia","/surf-info/kenitra-mehdia-s2695.html","Mehdia est connue pour avoir été le ""berceau"" du surf au Maroc. Le spot principal offre une vague lourde et creuse, mais si c'est trop gros, il existe à différents endroits de la plage une très bonne qualité de vague tout au long de l?année surfable pour tous les niveaux.","Vers Kenitra, à 30 km de Rabat par la nationale, à 40 km par l?autoroute","E","O","Plusieurs spots tout au long de la plageParkingRestauration","Mer assez dangeureuseRochersPollution","Tous niveaux","Sand / Reef"
"33.8302","-7.1274","Oued Charat","/surf-info/oued-charat-s2698.html","Spot se situant entre Rabat et Mohammédia. Beach et reef break, il permet un surf uniforme, avec gauches et droites, et peut travailler à tout moment de l'année. Bon surf à tous les stades de la marée. Souvent bondé. Les rochers sont dangeureux.","A 6 km au nord de Bouznika plage en direction de Rabat sur la route cotière. Prendre le chemin de terre le long de la rivière Cherrat.","E","NO","Parking en face du spotGrande et belle plageEcole de surf en face du spot","Rochers plats un peu partoutRisque de fort courantHaute fréquentation les week end","Tous niveaux","Sand / Reef"
"33.8255","-7.15069","La Crique","/surf-info/la-crique-s2699.html","pointe break  vague longue entre 50m et 150m qui déferle en droite ","autoroute et côtière sortie bouznika","N","NW","","","Intermédiaire","Reef"
"33.8111","-7.18056","Dahomey","/surf-info/dahomey-s2700.html","Belle plage avec une bonne ambiance et de belles vagues. La houle est au rendez-vous. A marée basse au niveau des rochers à droite du spot, des grottes sont accessibles. Shore Break.","A la sortie de Mohammedia, prendre la côtière en direction de Bouznika et rester sur la route jusqu'à ce que vous soyez à environ 1 à 1,5 kilomètres de la jonction BouzBay et Bouznika. Là vous verrez un panneau en direction d'un chemin de poussière. Emprunter le chemin et se diriger vers les bungalows un peu plus loin. Se garer et descendre à la plage.","NE","NO","Parking","RochersFort courantHaute fréquentation en saison","Tous niveaux","Sand / Reef"
"33.7191","-7.34557","Sablette","/surf-info/sablette-s2701.html","Belle et grande plage à Mohammédia avec Récif et Point Break qui offre des vagues (gauches et droites) à peu près toute l'année. L'hiver est le meilleur moment de l'année pour surfer ici.","A Mohammédia, allez sur la cotière en direction de Rabat, se trouve avant le Pont Blondin","SE","NO","ParkingRésidences en face de la plageSurf Club","Rochers à marée basse pour surfer la gaucheHaute fréquentation en été","Tous niveaux","Sand / Reef"
"33.7137","-7.35693","Monica","/surf-info/monica-s2702.html","Beau spot avec une belle plage en face d'un quartier résidentiel avec villas. Possibilités de stationnement à l'intérieur de la résidence. Long et grand shore break. Bonne ambiance à l'eau. Gauche et droite avec de jolis tubes. La houle varie beaucoup selon les saisons.","Par la côtière en entrant a Mohammédia vers les plages à l'est direction Rabat","","","Marche assez souventTube","CorailRochers coupantsShore Break","Expérimenté","Reef"
"33.6019","-7.66436","Pepsi","/surf-info/pepsi-s2704.html","Pepsi se trouve devant le centre commercial Anfa Place à Casablanca, en face de la corniche de Ain Diab. Très belle et grande plage avec de belles terrasses, clubs, restaurants et hôtels donnant sur le spot. Pepsi est un très ancien spot où des surfeurs de renom ont fait leur début de carrière.Cette année 2015, les meilleurs surfeurs du monde y seront réunis, sur la plage Lalla Meriem. La World Surf League a choisi ce spot pour y organiser le Quiksilver Pro, une étape du circuit qualificatif (WQS), du 8 au 12 septembre. Le spot acceuillera également l'EuroSurf la semaine suivante. Un rendez-vous à ne pas manquer !","Corniche de Casablanca, en face de Anfaplace Mall","S","N","Spot en pleine milieu de la ville, tout est à proximité","CourantRochers","Intermédiaire/Expérimenté","Sand / Reef"
"33.53","-7.83","Jack Beach","/surf-info/jack-beach-s2707.html","Jack Beach est un long beach break avec plusieurs pics tout au long de la plage. Des compétitions y sont souvent organisées.","Depuis Casablanca suivre la direction d'El Jadida. A 12km prendre sur la droite direction Dar Bouazza par route cotière sur 5 km. Après 3 virages vous arrivez sur une longue plage bordée par la route et des villas","S","N","Accès facile et parkingVillas à louer en face du spotSpot de repli","Sortie sur les rochers à marée haute.Haute fréquentation en week-end","Tous niveaux","Sand / Reef"
"32.74","-9.04","Oualidia Lagune","/surf-info/oualidia-lagune-s2708.html","Cet ancien village de pêcheur possède d'une part un superbe beach et reef break avec des gauches et des droites et une merveilleuse lagune. On le surnome ""la perle bleue du Maroc"". C'est une plage de sable blond et fin protégé par une baie de rocher et qui se prolonge ensuite en lagune.","A 75 km au sud d'El Jadida sur la côte en direction de Safi","SE","NO","ParkingHotels et bungalowsDégustation de fruits de mer, crustacés et poissons","Rochers et fort courantHaute fréquentation en saison","Tous niveaux","Sand / Reef"
"31.35","-9.8","Sidi Kaouki","/surf-info/sidi-kaouki-s2711.html","Sidi Kaouki au Maroc Central est un beach break assez fiable pour un surf à peu près toute l'année. La qualité des vagues n'est pas affectée par la marée. Le spot offre gauches et droites. Attention aux puissants rouleaux de type shore break, cassant rapidement et aux courants forts. Méfiez vous des roches également.","27 km au sud d’Essaouira par la route d’Agadir","S","NO","Navette entre Essaouira et Sidi KaoukiHotelPeu fréquenté","CourantRoches","Intermédiaire","Sand / Reef"
"30.84","-9.81","Imessouane","/surf-info/imessouane-s2714.html","Superbe plage, calme et enclavé avec une belle et longue droite. Spots de surf au sein d'un petit village de pêcheurs. Très bonnes conditions de surf. Endroit très fréquenté en été.","A 85 km d'Agadir et d'Essaouira sur la côte. Besoin de voiture pour accéder au spot.","N","O","Mise a l'eau depuis la plageParkingHotels donnant sur la plageSpot de repli en cas de forte houleSurf Club","Fort courantHaute fréquentation en été","Tous niveaux","Sand / Reef"
"30.78","-9.83","Tamri","/surf-info/tamri-s2715.html","Grand et très beau spot sauvage exposé au swell. Spot au nord d'Agadir qui capte beaucoup plus la houle que les spots au sud. Beach break droite et gauche avec une belle vague.","Depuis Agadir 35 km en allant vers le nord (vers imessouane par route cotière), 8 km après le cap et boiler.","S","NO","Parking avec gardienVillage à 3km","Vents dominants qui peuvent influés sur la houle selon leur orientationCourants","Tous niveaux","Sand"
"30.62","-9.81","Draculas","/surf-info/draculas-s2717.html","Très bon spot pour les professionnels avec une superbe gauche. Attention au take-off au peak en raison du reef. Spot exposé à la houle.","A 10 km de Mohammédia en direction de Rabat par la côtière. Traversée d'un domaine agricole local. 4x4 très conseillé.  Prévoir le paiement de 5 dirhams pour passer le domaine.","S","O","Marche souvent tout au long de l'année","Rochers","Expérimenté","Reef"
"30.55","-9.7375","Killer Point","/surf-info/killer-point-s2718.html","Ce Spot de Taghazout, un village de pêcheur, offre une des plus fameuses vagues du maroc, de longues et puissantes droites (jusqu'à 200m de long et 5m de haut) et d’excellents beach breaks. De belles sections tube. Attention néanmoins au reef au take-off.","Au nord d'Agadir, sur la route d'Essaouira","S","O","Le Resort offre des appartements avec terrasse vue sur mer. L'équipe de Killer Point peut s'occuper de tout (transfert aéroport, visites guidées des souks, cours de surf, fuide des spots aloentours ...).Parking le long de la nationale.","RécifMise à l'eau difficileDangereux à marée haute à cause des falaises en face du spot","Expérimenté","Sand / Reef"
"30.55","-9.733","La Source","/surf-info/la-source-s2719.html","Bon spot de surf avec une belle gauche. Possible de surfer la droite également. La houle varie beaucoup selon les saisons. Attention au reef.","L'accès au spot se fait par la route, la Source se situe à quelques centaines de mètres au nord du village de Taghazout. On aperçoit le spot depuis la route, sur la gauche.","E","NO","Parking","Dalles rocheuses à marée basseCourant","Expérimenté","Reef"
"30.544","-9.71","Hash Point","/surf-info/hash-point-s2722.html","Point break qui offre des vagues rapides et qui cassent sur la plage. De belles droites idéales pour uns surf de niveau intermédiaire. La côte est protégée par le Cap Ghir et jouit de conditions d'ensoleillement exceptionnelles.","Au nord de Taghazout, sur la route d'Essaouira","NE","NO","ParkingCafés et Restaurants donnant sur le spot","Rochers","Tous niveaux","Sand / Reef"
"30.53","-9.69","Banana Village","/surf-info/banana-village-s2724.html","Spot en face d'une petite falaise avec une grosse droite prisée des longboard. Quelques rochers mùais spot sans danger avec son joli fond sablonneux.On cultive la banane pas loin, c'est de là que ce spot tire son nom.","C'est à 15 km en partant d'Agadir sur la route N1, la route du littoral, en direction d'Essaouira","E","O","Parking","Embouchure rivière (risque de pollution en cas de fortes pluies)Quelques rochers","Tous niveaux","Sand"
"30.508","-9.68","Crocodile","/surf-info/crocodile-s2725.html","Grande plage et bon spot de repli. Ony trouve une droite et gauche sur ce spot en face de la plage.","Route d'Essaouira, km 14 | Tamraght- Aourir, Agadir","E","NO","Parking Camping","Petit rochers en plein millieu du spot qui ne se voient pasGrande fréquentation de débutants","Tous niveaux","Sand / Reef"
"30.506","-9.687","Devils Rocks","/surf-info/devils-rocks-s2726.html","Petite crique d'un grand charme avec gauches et droites pour tous les niveaux. Surf à toutes les marées mais sature par grosse houle. Petite falaise à côté offrant un joli panorama sur le spot.","En face du village de Tamraght à 14 km au nord d'Agadir, sur la route du littoral en direction d'Essaouira","E","O","Parking","Embouchure rivière (risque de pollution en cas de fortes pluies)Haute fréquentation","Tous niveaux","Sand"
"30.39","-9.6","Agadir Bay","/surf-info/agadir-bay-s2727.html","A Agadir, très belle et longue plage, bon spot de repli lors des tempêtes. Pour débutants et professionnels selon les conditions de houle.","Par la route., le long du bord de mer d’Agadir avec sa belle promenade aménagée.","E","O","ParkingHotelVille","CourantFonctionne rarement l'été","Tous niveaux","Sand"
"29.37","-10.18","Sidi Ifni","/surf-info/sidi-ifni-s2730.html","Belle et longue plage avec beach et reef break. La vague principale est un mur d'une longue droite se brisant sur les rochers. Deux gauches également sur la plage permettent un surf assez consistant. Plage sauvage avec un paysage imprenable. A proximité des arches naturelles sont impressionnantes.","Entre les villes de Tiznit et de Guelmim, à 160 km au sud d'Agadir.","E","NO","ParkingCamping carPetits restaurants sur la plage","RochersRisque de pollution en cas de crue de la rivière","Tous niveaux","Sand / Reef"
"30.8373","-9.823","Imessouane - Cathedral","/surf-info/imessouane-cathedral-s2745.html","","","E","NW","","","Tous niveaux","Sand"
"47.3262","-3.23828","Belle île, Plage de Donnant","/surf-info/belle-ile-plage-donnant-s102796.html","","","","","","","",""
"30.5838","-9.75871","Paradis Plage","/surf-info/paradis-plage-s102797.html","","","","","","","",""
"43.2879","3.52862","Cap d'Agde","/surf-info/cap-agde-s102798.html","","","","","","","",""
"43.847","-1.39506","Moliets, Plage la centrale","/surf-info/moliets-plage-centrale-s102799.html","","","","","","","",""
"46.7829","-2.07613","Saint Jean de Monts","/surf-info/saint-jean-monts-s102800.html","","","","","","","",""
"43.4105","6.73937","Fréjus","/surf-info/frejus-s102801.html","","","","","","","",""
"47.2055","-2.16111","L'Ermitage","/surf-info/ermitage-s102802.html","","","","","","","",""
"47.2144","-2.16934","Les Rochelets","/surf-info/les-rochelets-s102803.html","","","","","","","",""
"50.0347","1.31036","Criel-sur-Mer","/surf-info/criel-mer-s102804.html","","","","","","","",""
"48.7072","-4.04096","Santec","/surf-info/santec-s102805.html","","","","","","","",""
"50.5755","-4.91695","Polzeath","/surf-info/polzeath-s102806.html","","","","","","","",""
"45.4863","-1.14998","L'Amelie","/surf-info/amelie-s102810.html","","","","","","","",""
"43.4796","-1.56721","Biarritz, Grande Plage","/surf-info/biarritz-grande-plage-s998.html","","","SE","NO","","","Tous niveaux","Sand"
"43.4259","-1.62066","Parlementia, Bidart","/surf-info/parlementia-bidart-s1026.html","","","E","NO","","","Expérimenté","Reef"
"43.4796","-1.56721","Côte Des Basques, Biarritz","/surf-info/cote-basques-biarritz-s1093.html","","","E","O","","","Tous niveaux","Sand"
"43.4262","-1.61126","Avalanche / Les Alcyons, Guethary","/surf-info/avalanche-alcyons-guethary-s1216.html","","","","","","","",""
